<?xml version="1.0"?>
<Runs Version="1" Minor="0">
	<Run Id="VGA_design_clk_wiz_0_0_synth_1" LaunchDir="C:/Users/gahit/Desktop/PFE/more/more.runs/VGA_design_clk_wiz_0_0_synth_1" FlowId="Vivado_Synthesis" FromStepId="vivado" ToStepId="vivado"/>
	<Run Id="VGA_design_rst_clk_wiz_0_25M_0_synth_1" LaunchDir="C:/Users/gahit/Desktop/PFE/more/more.runs/VGA_design_rst_clk_wiz_0_25M_0_synth_1" FlowId="Vivado_Synthesis" FromStepId="vivado" ToStepId="vivado"/>
	<Run Id="VGA_design_ov7670_axi_stream_ca_0_0_synth_1" LaunchDir="C:/Users/gahit/Desktop/PFE/more/more.runs/VGA_design_ov7670_axi_stream_ca_0_0_synth_1" FlowId="Vivado_Synthesis" FromStepId="vivado" ToStepId="vivado"/>
	<Run Id="VGA_design_axi_vdma_0_0_synth_1" LaunchDir="C:/Users/gahit/Desktop/PFE/more/more.runs/VGA_design_axi_vdma_0_0_synth_1" FlowId="Vivado_Synthesis" FromStepId="vivado" ToStepId="vivado"/>
	<Run Id="VGA_design_axis_subset_converter_0_0_synth_1" LaunchDir="C:/Users/gahit/Desktop/PFE/more/more.runs/VGA_design_axis_subset_converter_0_0_synth_1" FlowId="Vivado_Synthesis" FromStepId="vivado" ToStepId="vivado"/>
	<Run Id="VGA_design_v_axi4s_vid_out_0_0_synth_1" LaunchDir="C:/Users/gahit/Desktop/PFE/more/more.runs/VGA_design_v_axi4s_vid_out_0_0_synth_1" FlowId="Vivado_Synthesis" FromStepId="vivado" ToStepId="vivado"/>
	<Run Id="VGA_design_v_tc_0_0_synth_1" LaunchDir="C:/Users/gahit/Desktop/PFE/more/more.runs/VGA_design_v_tc_0_0_synth_1" FlowId="Vivado_Synthesis" FromStepId="vivado" ToStepId="vivado"/>
	<Run Id="synth_1" LaunchDir="C:/Users/gahit/Desktop/PFE/more/more.runs/synth_1" FlowId="Vivado_Synthesis" FromStepId="vivado" ToStepId="vivado">
		<Parent Id="VGA_design_clk_wiz_0_0_synth_1"/>
		<Parent Id="VGA_design_rst_clk_wiz_0_25M_0_synth_1"/>
		<Parent Id="VGA_design_ov7670_axi_stream_ca_0_0_synth_1"/>
		<Parent Id="VGA_design_axi_vdma_0_0_synth_1"/>
		<Parent Id="VGA_design_axis_subset_converter_0_0_synth_1"/>
		<Parent Id="VGA_design_v_axi4s_vid_out_0_0_synth_1"/>
		<Parent Id="VGA_design_v_tc_0_0_synth_1"/>
	</Run>
	<Parameters>
		<Parameter Name="runs.monitorLSFJobs" Val="true" Type="bool"/>
	</Parameters>
</Runs>

