<?xml version="1.0" encoding="UTF-8"?>
<GenRun Id="synth_1" LaunchPart="xc7z020clg484-1" LaunchTime="1621334609">
  <File Type="PA-TCL" Name="VGA_design_wrapper.tcl"/>
  <File Type="RDS-PROPCONSTRS" Name="VGA_design_wrapper_drc_synth.rpt"/>
  <File Type="REPORTS-TCL" Name="VGA_design_wrapper_reports.tcl"/>
  <File Type="RDS-RDS" Name="VGA_design_wrapper.vds"/>
  <File Type="RDS-UTIL" Name="VGA_design_wrapper_utilization_synth.rpt"/>
  <File Type="RDS-UTIL-PB" Name="VGA_design_wrapper_utilization_synth.pb"/>
  <File Type="RDS-DCP" Name="VGA_design_wrapper.dcp"/>
  <File Type="VDS-TIMINGSUMMARY" Name="VGA_design_wrapper_timing_summary_synth.rpt"/>
  <File Type="VDS-TIMING-PB" Name="VGA_design_wrapper_timing_summary_synth.pb"/>
  <FileSet Name="sources" Type="DesignSrcs" RelSrcDir="$PSRCDIR/sources_1">
    <Filter Type="Srcs"/>
    <File Path="$PSRCDIR/sources_1/imports/new/ov7670.vhd">
      <FileInfo>
        <Attr Name="ImportPath" Val="$PPRDIR/../ov7670_axi_stream_capture-master/ov7670_ip.srcs/sources_1/new/ov7670.vhd"/>
        <Attr Name="ImportTime" Val="1428613790"/>
        <Attr Name="UsedIn" Val="synthesis"/>
        <Attr Name="UsedIn" Val="simulation"/>
      </FileInfo>
    </File>
    <File Path="$PSRCDIR/sources_1/bd/VGA_design/VGA_design.bd">
      <FileInfo>
        <Attr Name="UsedIn" Val="synthesis"/>
        <Attr Name="UsedIn" Val="implementation"/>
        <Attr Name="UsedIn" Val="simulation"/>
      </FileInfo>
    </File>
    <File Path="$PSRCDIR/sources_1/bd/VGA_design/hdl/VGA_design_wrapper.vhd">
      <FileInfo>
        <Attr Name="UsedIn" Val="synthesis"/>
        <Attr Name="UsedIn" Val="simulation"/>
      </FileInfo>
    </File>
    <Config>
      <Option Name="DesignMode" Val="RTL"/>
      <Option Name="TopModule" Val="VGA_design_wrapper"/>
      <Option Name="TopAutoSet" Val="TRUE"/>
    </Config>
  </FileSet>
  <FileSet Name="constrs_in" Type="Constrs" RelSrcDir="$PSRCDIR/constrs_1">
    <Filter Type="Constrs"/>
    <File Path="$PSRCDIR/constrs_1/new/final_constraints.xdc">
      <FileInfo>
        <Attr Name="UsedIn" Val="synthesis"/>
        <Attr Name="UsedIn" Val="implementation"/>
      </FileInfo>
    </File>
    <Config>
      <Option Name="TargetConstrsFile" Val="$PSRCDIR/constrs_1/new/final_constraints.xdc"/>
      <Option Name="ConstrsType" Val="XDC"/>
    </Config>
  </FileSet>
  <FileSet Name="utils" Type="Utils" RelSrcDir="$PSRCDIR/utils_1">
    <Filter Type="Utils"/>
    <Config>
      <Option Name="TopAutoSet" Val="TRUE"/>
    </Config>
  </FileSet>
  <Strategy Version="1" Minor="2">
    <StratHandle Name="Vivado Synthesis Defaults" Flow="Vivado Synthesis 2018">
      <Desc>Vivado Synthesis Defaults</Desc>
    </StratHandle>
    <Step Id="synth_design"/>
  </Strategy>
  <BlockFileSet Type="BlockSrcs" Name="VGA_design_axi_vdma_0_0"/>
  <BlockFileSet Type="BlockSrcs" Name="VGA_design_clk_wiz_0_0"/>
  <BlockFileSet Type="BlockSrcs" Name="VGA_design_rst_clk_wiz_0_25M_0"/>
  <BlockFileSet Type="BlockSrcs" Name="VGA_design_v_tc_0_0"/>
  <BlockFileSet Type="BlockSrcs" Name="VGA_design_ov7670_axi_stream_ca_0_0"/>
  <BlockFileSet Type="BlockSrcs" Name="VGA_design_v_axi4s_vid_out_0_0"/>
  <BlockFileSet Type="BlockSrcs" Name="VGA_design_axis_subset_converter_0_0"/>
</GenRun>
